{
  "x":{
    "0":1.0,
    "1":0.9980267284,
    "2":0.9980267284,
    "3":0.9921147013,
    "4":0.9921147013,
    "5":0.9822872507,
    "6":0.9822872507,
    "7":0.9685831611,
    "8":0.9685831611,
    "9":0.9510565163,
    "10":0.9510565163,
    "11":0.9297764859,
    "12":0.9297764859,
    "13":0.9048270525,
    "14":0.9048270525,
    "15":0.87630668,
    "16":0.87630668,
    "17":0.8443279255,
    "18":0.8443279255,
    "19":0.8090169944,
    "20":0.8090169944,
    "21":0.7705132428,
    "22":0.7705132428,
    "23":0.7289686274,
    "24":0.7289686274,
    "25":0.6845471059,
    "26":0.6845471059,
    "27":0.6374239897,
    "28":0.6374239897,
    "29":0.5877852523,
    "30":0.5877852523,
    "31":0.535826795,
    "32":0.535826795,
    "33":0.4817536741,
    "34":0.4817536741,
    "35":0.4257792916,
    "36":0.4257792916,
    "37":0.3681245527,
    "38":0.3681245527,
    "39":0.3090169944,
    "40":0.3090169944,
    "41":0.2486898872,
    "42":0.2486898872,
    "43":0.1873813146,
    "44":0.1873813146,
    "45":0.1253332336,
    "46":0.1253332336,
    "47":0.0627905195,
    "48":0.0627905195,
    "49":-1.60812265e-16,
    "50":-1.60812265e-16,
    "51":-0.0627905195,
    "52":-0.0627905195,
    "53":-0.1253332336,
    "54":-0.1253332336,
    "55":-0.1873813146,
    "56":-0.1873813146,
    "57":-0.2486898872,
    "58":-0.2486898872,
    "59":-0.3090169944,
    "60":-0.3090169944,
    "61":-0.3681245527,
    "62":-0.3681245527,
    "63":-0.4257792916,
    "64":-0.4257792916,
    "65":-0.4817536741,
    "66":-0.4817536741,
    "67":-0.535826795,
    "68":-0.535826795,
    "69":-0.5877852523,
    "70":-0.5877852523,
    "71":-0.6374239897,
    "72":-0.6374239897,
    "73":-0.6845471059,
    "74":-0.6845471059,
    "75":-0.7289686274,
    "76":-0.7289686274,
    "77":-0.7705132428,
    "78":-0.7705132428,
    "79":-0.8090169944,
    "80":-0.8090169944,
    "81":-0.8443279255,
    "82":-0.8443279255,
    "83":-0.87630668,
    "84":-0.87630668,
    "85":-0.9048270525,
    "86":-0.9048270525,
    "87":-0.9297764859,
    "88":-0.9297764859,
    "89":-0.9510565163,
    "90":-0.9510565163,
    "91":-0.9685831611,
    "92":-0.9685831611,
    "93":-0.9822872507,
    "94":-0.9822872507,
    "95":-0.9921147013,
    "96":-0.9921147013,
    "97":-0.9980267284,
    "98":-0.9980267284,
    "99":-1.0
  },
  "y":{
    "0":0.0,
    "1":0.0627905195,
    "2":0.0627905195,
    "3":0.1253332336,
    "4":0.1253332336,
    "5":0.1873813146,
    "6":0.1873813146,
    "7":0.2486898872,
    "8":0.2486898872,
    "9":0.3090169944,
    "10":0.3090169944,
    "11":0.3681245527,
    "12":0.3681245527,
    "13":0.4257792916,
    "14":0.4257792916,
    "15":0.4817536741,
    "16":0.4817536741,
    "17":0.535826795,
    "18":0.535826795,
    "19":0.5877852523,
    "20":0.5877852523,
    "21":0.6374239897,
    "22":0.6374239897,
    "23":0.6845471059,
    "24":0.6845471059,
    "25":0.7289686274,
    "26":0.7289686274,
    "27":0.7705132428,
    "28":0.7705132428,
    "29":0.8090169944,
    "30":0.8090169944,
    "31":0.8443279255,
    "32":0.8443279255,
    "33":0.87630668,
    "34":0.87630668,
    "35":0.9048270525,
    "36":0.9048270525,
    "37":0.9297764859,
    "38":0.9297764859,
    "39":0.9510565163,
    "40":0.9510565163,
    "41":0.9685831611,
    "42":0.9685831611,
    "43":0.9822872507,
    "44":0.9822872507,
    "45":0.9921147013,
    "46":0.9921147013,
    "47":0.9980267284,
    "48":0.9980267284,
    "49":1.0,
    "50":1.0,
    "51":0.9980267284,
    "52":0.9980267284,
    "53":0.9921147013,
    "54":0.9921147013,
    "55":0.9822872507,
    "56":0.9822872507,
    "57":0.9685831611,
    "58":0.9685831611,
    "59":0.9510565163,
    "60":0.9510565163,
    "61":0.9297764859,
    "62":0.9297764859,
    "63":0.9048270525,
    "64":0.9048270525,
    "65":0.87630668,
    "66":0.87630668,
    "67":0.8443279255,
    "68":0.8443279255,
    "69":0.8090169944,
    "70":0.8090169944,
    "71":0.7705132428,
    "72":0.7705132428,
    "73":0.7289686274,
    "74":0.7289686274,
    "75":0.6845471059,
    "76":0.6845471059,
    "77":0.6374239897,
    "78":0.6374239897,
    "79":0.5877852523,
    "80":0.5877852523,
    "81":0.535826795,
    "82":0.535826795,
    "83":0.4817536741,
    "84":0.4817536741,
    "85":0.4257792916,
    "86":0.4257792916,
    "87":0.3681245527,
    "88":0.3681245527,
    "89":0.3090169944,
    "90":0.3090169944,
    "91":0.2486898872,
    "92":0.2486898872,
    "93":0.1873813146,
    "94":0.1873813146,
    "95":0.1253332336,
    "96":0.1253332336,
    "97":0.0627905195,
    "98":0.0627905195,
    "99":1.224646799e-16
  },
  "ux":{
    "0":0.0,
    "1":0.0000003064,
    "2":0.0000003064,
    "3":0.0000006052,
    "4":0.0000006052,
    "5":0.0000008733,
    "6":0.0000008733,
    "7":0.0000010934,
    "8":0.0000010934,
    "9":0.0000012542,
    "10":0.0000012542,
    "11":0.0000013499,
    "12":0.0000013499,
    "13":0.0000013794,
    "14":0.0000013794,
    "15":0.000001346,
    "16":0.000001346,
    "17":0.0000012565,
    "18":0.0000012565,
    "19":0.0000011203,
    "20":0.0000011203,
    "21":0.0000009489,
    "22":0.0000009489,
    "23":0.0000007546,
    "24":0.0000007546,
    "25":0.0000005502,
    "26":0.0000005502,
    "27":0.0000003479,
    "28":0.0000003479,
    "29":0.0000001591,
    "30":0.0000001591,
    "31":-0.0000000069,
    "32":-0.0000000069,
    "33":-0.0000001422,
    "34":-0.0000001422,
    "35":-0.0000002418,
    "36":-0.0000002418,
    "37":-0.0000003029,
    "38":-0.0000003029,
    "39":-0.0000003251,
    "40":-0.0000003251,
    "41":-0.0000003106,
    "42":-0.0000003106,
    "43":-0.0000002639,
    "44":-0.0000002639,
    "45":-0.0000001912,
    "46":-0.0000001912,
    "47":-0.0000001003,
    "48":-0.0000001003,
    "49":2.197681824e-17,
    "50":2.197681824e-17,
    "51":0.0000001003,
    "52":0.0000001003,
    "53":0.0000001912,
    "54":0.0000001912,
    "55":0.0000002639,
    "56":0.0000002639,
    "57":0.0000003106,
    "58":0.0000003106,
    "59":0.0000003251,
    "60":0.0000003251,
    "61":0.0000003029,
    "62":0.0000003029,
    "63":0.0000002418,
    "64":0.0000002418,
    "65":0.0000001422,
    "66":0.0000001422,
    "67":0.0000000069,
    "68":0.0000000069,
    "69":-0.0000001591,
    "70":-0.0000001591,
    "71":-0.0000003479,
    "72":-0.0000003479,
    "73":-0.0000005502,
    "74":-0.0000005502,
    "75":-0.0000007546,
    "76":-0.0000007546,
    "77":-0.0000009489,
    "78":-0.0000009489,
    "79":-0.0000011203,
    "80":-0.0000011203,
    "81":-0.0000012565,
    "82":-0.0000012565,
    "83":-0.000001346,
    "84":-0.000001346,
    "85":-0.0000013794,
    "86":-0.0000013794,
    "87":-0.0000013499,
    "88":-0.0000013499,
    "89":-0.0000012542,
    "90":-0.0000012542,
    "91":-0.0000010934,
    "92":-0.0000010934,
    "93":-0.0000008733,
    "94":-0.0000008733,
    "95":-0.0000006052,
    "96":-0.0000006052,
    "97":-0.0000003064,
    "98":-0.0000003064,
    "99":0.0
  },
  "uy":{
    "0":0.0,
    "1":-0.0000003142,
    "2":-0.0000003142,
    "3":-0.0000006031,
    "4":-0.0000006031,
    "5":-0.0000008712,
    "6":-0.0000008712,
    "7":-0.0000011261,
    "8":-0.0000011261,
    "9":-0.0000013771,
    "10":-0.0000013771,
    "11":-0.0000016344,
    "12":-0.0000016344,
    "13":-0.0000019077,
    "14":-0.0000019077,
    "15":-0.0000022055,
    "16":-0.0000022055,
    "17":-0.0000025344,
    "18":-0.0000025344,
    "19":-0.0000028987,
    "20":-0.0000028987,
    "21":-0.0000033002,
    "22":-0.0000033002,
    "23":-0.0000037376,
    "24":-0.0000037376,
    "25":-0.0000042071,
    "26":-0.0000042071,
    "27":-0.0000047021,
    "28":-0.0000047021,
    "29":-0.0000052139,
    "30":-0.0000052139,
    "31":-0.0000057316,
    "32":-0.0000057316,
    "33":-0.0000062434,
    "34":-0.0000062434,
    "35":-0.0000067362,
    "36":-0.0000067362,
    "37":-0.0000071968,
    "38":-0.0000071968,
    "39":-0.0000076123,
    "40":-0.0000076123,
    "41":-0.0000079708,
    "42":-0.0000079708,
    "43":-0.0000082615,
    "44":-0.0000082615,