{
  "x":{
    "0":0.0,
    "1":0.25,
    "2":0.25,
    "3":0.5,
    "4":0.5,
    "5":0.75,
    "6":0.75,
    "7":1.0,
    "8":1.0,
    "9":1.25,
    "10":1.25,
    "11":1.5,
    "12":1.5,
    "13":1.75,
    "14":1.75,
    "15":2.0,
    "16":2.0,
    "17":2.25,
    "18":2.25,
    "19":2.5,
    "20":2.5,
    "21":2.75,
    "22":2.75,
    "23":3.0,
    "24":3.0,
    "25":3.25,
    "26":3.25,
    "27":3.5,
    "28":3.5,
    "29":3.75,
    "30":3.75,
    "31":4.0,
    "32":4.0,
    "33":4.25,
    "34":4.25,
    "35":4.5,
    "36":4.5,
    "37":4.75,
    "38":4.75,
    "39":5.0
  },
  "y":{
    "0":0.0,
    "1":0.0,
    "2":0.0,
    "3":0.0,
    "4":0.0,
    "5":0.0,
    "6":0.0,
    "7":0.0,
    "8":0.0,
    "9":0.0,
    "10":0.0,
    "11":0.0,
    "12":0.0,
    "13":0.0,
    "14":0.0,
    "15":0.0,
    "16":0.0,
    "17":0.0,
    "18":0.0,
    "19":0.0,
    "20":0.0,
    "21":0.0,
    "22":0.0,
    "23":0.0,
    "24":0.0,
    "25":0.0,
    "26":0.0,
    "27":0.0,
    "28":0.0,
    "29":0.0,
    "30":0.0,
    "31":0.0,
    "32":0.0,
    "33":0.0,
    "34":0.0,
    "35":0.0,
    "36":0.0,
    "37":0.0,
    "38":0.0,
    "39":0.0
  },
  "ux":{
    "0":0.0,
    "1":0.0,
    "2":0.0,
    "3":0.0,
    "4":0.0,
    "5":0.0,
    "6":0.0,
    "7":0.0,
    "8":0.0,
    "9":0.0,
    "10":0.0,
    "11":0.0,
    "12":0.0,
    "13":0.0,
    "14":0.0,
    "15":0.0,
    "16":0.0,
    "17":0.0,
    "18":0.0,
    "19":0.0,
    "20":0.0,
    "21":0.0,
    "22":0.0,
    "23":0.0,
    "24":0.0,
    "25":0.0,
    "26":0.0,
    "27":0.0,
    "28":0.0,
    "29":0.0,
    "30":0.0,
    "31":0.0,
    "32":0.0,
    "33":0.0,
    "34":0.0,
    "35":0.0,
    "36":0.0,
    "37":0.0,
    "38":0.0,
    "39":0.0
  },
  "uy":{
    "0":0.0000041118,
    "1":0.0000092516,
    "2":0.0000092516,
    "3":0.0000125925,
    "4":0.0000125925,
    "5":0.0000110506,
    "6":0.0000110506,
    "7":0.0,
    "8":0.0,
    "9":-0.0000240286,
    "10":-0.0000240286,
    "11":-0.0000552529,
    "12":-0.0000552529,
    "13":-0.0000867342,
    "14":-0.0000867342,
    "15":-0.0001130757,
    "16":-0.0001130757,
    "17":-0.0001304225,
    "18":-0.0001304225,
    "19":-0.0001364618,
    "20":-0.0001364618,
    "21":-0.0001304225,
    "22":-0.0001304225,
    "23":-0.0001130757,
    "24":-0.0001130757,
    "25":-0.0000867342,
    "26":-0.0000867342,
    "27":-0.0000552529,
    "28":-0.0000552529,
    "29":-0.0000240286,
    "30":-0.0000240286,
    "31":0.0,
    "32":0.0,
    "33":0.0000110506,
    "34":0.0000110506,
    "35":0.0000125925,
    "36":0.0000125925,
    "37":0.0000092516,
    "38":0.0000092516,
    "39":0.0000041118
  },
  "ex":{
    "0":0.0,
    "1":0.0,
    "2":0.0,
    "3":0.0,
    "4":0.0,
    "5":0.0,
    "6":0.0,
    "7":0.0,
    "8":0.0,
    "9":0.0,
    "10":0.0,
    "11":0.0,
    "12":0.0,
    "13":0.0,
    "14":0.0,
    "15":0.0,
    "16":0.0,
    "17":0.0,
    "18":0.0,
    "19":0.0,
    "20":0.0,
    "21":0.0,
    "22":0.0,
    "23":0.0,
    "24":0.0,
    "25":0.0,
    "26":0.0,
    "27":0.0,
    "28":0.0,
    "29":0.0,
    "30":0.0,
    "31":0.0,
    "32":0.0,
    "33":0.0,
    "34":0.0,
    "35":0.0,
    "36":0.0,
    "37":0.0,
    "38":0.0,
    "39":0.0
  },
  "ey":{
    "0":-2.6315789474,
    "1":-2.6315789474,
    "2":-5.2631578947,
    "3":-5.2631578947,
    "4":-7.8947368421,
    "5":-7.8947368421,
    "6":-10.5263157895,
    "7":-10.5263157895,
    "8":14.4736842105,
    "9":14.4736842105,
    "10":11.8421052632,
    "11":11.8421052632,
    "12":9.2105263158,
    "13":9.2105263158,
    "14":6.5789473684,
    "15":6.5789473684,
    "16":3.9473684211,
    "17":3.9473684211,
    "18":1.3157894737,
    "19":1.3157894737,
    "20":-1.3157894737,
    "21":-1.3157894737,
    "22":-3.9473684211,
    "23":-3.9473684211,
    "24":-6.5789473684,
    "25":-6.5789473684,
    "26":-9.2105263158,
    "27":-9.2105263158,
    "28":-11.8421052632,
    "29":-11.8421052632,
    "30":-14.4736842105,
    "31":-14.4736842105,
    "32":10.5263157895,
    "33":10.5263157895,
    "34":7.8947368421,
    "35":7.8947368421,
    "36":5.2631578947,
    "37":5.2631578947,
    "38":2.6315789474,
    "39":2.6315789474
  },
  "mf":{
    "0":0.0,
    "1":-0.6578947368,
    "2":-0.6578947368,
    "3":-1.9736842105,
    "4":-1.9736842105,
    "5":-3.9473684211,
    "6":-3.9473684211,
    "7":-6.5789473684,
    "8":-6.5789473684,
    "9":-2.9605263158,
    "10":-2.9605263158,
    "11":-0.0,
    "12":0.0,
    "13":2.3026315789,
    "14":2.3026315789,
    "15":3.9473684211,
    "16":3.9473684211,
    "17":4.9342105263,
    "18":4.9342105263,
    "19":5.2631578947,
    "20":5.2631578947,
    "21":4.9342105263,
    "22":4.9342105263,
    "23":3.9473684211,
    "24":3.9473684211,
    "25":2.3026315789,
    "26":2.3026315789,
    "27":-0.0,
    "28":-0.0,
    "29":-2.9605263158,
    "30":-2.9605263158,
    "31":-6.5789473684,
    "32":-6.5789473684,
    "33":-3.9473684211,
    "34":-3.9473684211,
    "35":-1.9736842105,
    "36":-1.9736842105,
    "37":-0.6578947368,
    "38":-0.6578947368,
    "39":-0.0
  }
}