{
  "x":{
    "0":0.0,
    "1":0.5,
    "2":0.5,
    "3":1.0,
    "4":1.0,
    "5":1.5,
    "6":1.5,
    "7":2.0,
    "8":2.0,
    "9":2.5,
    "10":2.5,
    "11":3.0,
    "12":3.0,
    "13":3.5,
    "14":3.5,
    "15":4.0,
    "16":4.0,
    "17":4.5,
    "18":4.5,
    "19":5.0
  },
  "y":{
    "0":0.0,
    "1":0.0,
    "2":0.0,
    "3":0.0,
    "4":0.0,
    "5":0.0,
    "6":0.0,
    "7":0.0,
    "8":0.0,
    "9":0.0,
    "10":0.0,
    "11":0.0,
    "12":0.0,
    "13":0.0,
    "14":0.0,
    "15":0.0,
    "16":0.0,
    "17":0.0,
    "18":0.0,
    "19":0.0
  },
  "ux":{
    "0":0.0,
    "1":0.0,
    "2":0.0,
    "3":0.0,
    "4":0.0,
    "5":0.0,
    "6":0.0,
    "7":0.0,
    "8":0.0,
    "9":0.0,
    "10":0.0,
    "11":0.0,
    "12":0.0,
    "13":0.0,
    "14":0.0,
    "15":0.0,
    "16":0.0,
    "17":0.0,
    "18":0.0,
    "19":0.0
  },
  "uy":{
    "0":0.000078125,
    "1":0.000046875,
    "2":0.000046875,
    "3":0.0,
    "4":0.0,
    "5":-0.000078125,
    "6":-0.000078125,
    "7":-0.0001484375,
    "8":-0.0001484375,
    "9":-0.0001757812,
    "10":-0.0001757812,
    "11":-0.0001484375,
    "12":-0.0001484375,
    "13":-0.000078125,
    "14":-0.000078125,
    "15":0.0,
    "16":0.0,
    "17":0.000046875,
    "18":0.000046875,
    "19":0.000078125
  },
  "ex":{
    "0":0.0,
    "1":0.0,
    "2":0.0,
    "3":0.0,
    "4":0.0,
    "5":0.0,
    "6":0.0,
    "7":0.0,
    "8":0.0,
    "9":0.0,
    "10":0.0,
    "11":0.0,
    "12":0.0,
    "13":0.0,
    "14":0.0,
    "15":0.0,
    "16":0.0,
    "17":0.0,
    "18":0.0,
    "19":0.0
  },
  "ey":{
    "0":-2.5,
    "1":-2.5,
    "2":-7.5,
    "3":-7.5,
    "4":12.5,
    "5":12.5,
    "6":7.5,
    "7":7.5,
    "8":2.5,
    "9":2.5,
    "10":-2.5,
    "11":-2.5,
    "12":-7.5,
    "13":-7.5,
    "14":-12.5,
    "15":-12.5,
    "16":7.5,
    "17":7.5,
    "18":2.5,
    "19":2.5
  },
  "mf":{
    "0":0.0,
    "1":-1.25,
    "2":-1.25,
    "3":-5.0,
    "4":-5.0,
    "5":1.25,
    "6":1.25,
    "7":5.0,
    "8":5.0,
    "9":6.25,
    "10":6.25,
    "11":5.0,
    "12":5.0,
    "13":1.25,
    "14":1.25,
    "15":-5.0,
    "16":-5.0,
    "17":-1.25,
    "18":-1.25,
    "19":-0.0
  }
}