{
  "x":{
    "0":0.0,
    "1":1.0,
    "2":1.0,
    "3":2.5,
    "4":2.5,
    "5":4.0,
    "6":4.0,
    "7":5.0
  },
  "y":{
    "0":0.0,
    "1":0.0,
    "2":0.0,
    "3":0.0,
    "4":0.0,
    "5":0.0,
    "6":0.0,
    "7":0.0
  },
  "ux":{
    "0":0.0,
    "1":0.0,
    "2":0.0,
    "3":0.0,
    "4":0.0,
    "5":0.0,
    "6":0.0,
    "7":0.0
  },
  "uy":{
    "0":0.00009375,
    "1":0.0,
    "2":0.0,
    "3":-0.0001845703,
    "4":-0.0001845703,
    "5":0.0,
    "6":0.0,
    "7":0.00009375
  },
  "ex":{
    "0":0.0,
    "1":0.0,
    "2":0.0,
    "3":0.0,
    "4":0.0,
    "5":0.0,
    "6":0.0,
    "7":0.0
  },
  "ey":{
    "0":-5.0,
    "1":-5.0,
    "2":7.5,
    "3":7.5,
    "4":-7.5,
    "5":-7.5,
    "6":5.0,
    "7":5.0
  },
  "mf":{
    "0":0.8333333333,
    "1":-4.1666666667,
    "2":-3.125,
    "3":8.125,
    "4":8.125,
    "5":-3.125,
    "6":-4.1666666667,
    "7":0.8333333333
  }
}