{
  "x":{
    "0":0.0,
    "1":0.5,
    "2":0.5,
    "3":1.0,
    "4":1.0,
    "5":1.5,
    "6":1.5,
    "7":2.0,
    "8":2.0,
    "9":2.5,
    "10":2.5,
    "11":3.0,
    "12":3.0,
    "13":3.5,
    "14":3.5,
    "15":4.0,
    "16":4.0,
    "17":4.5,
    "18":4.5,
    "19":5.0
  },
  "y":{
    "0":0.0,
    "1":0.0,
    "2":0.0,
    "3":0.0,
    "4":0.0,
    "5":0.0,
    "6":0.0,
    "7":0.0,
    "8":0.0,
    "9":0.0,
    "10":0.0,
    "11":0.0,
    "12":0.0,
    "13":0.0,
    "14":0.0,
    "15":0.0,
    "16":0.0,
    "17":0.0,
    "18":0.0,
    "19":0.0
  },
  "ux":{
    "0":0.0,
    "1":0.0,
    "2":0.0,
    "3":0.0,
    "4":0.0,
    "5":0.0,
    "6":0.0,
    "7":0.0,
    "8":0.0,
    "9":0.0,
    "10":0.0,
    "11":0.0,
    "12":0.0,
    "13":0.0,
    "14":0.0,
    "15":0.0,
    "16":0.0,
    "17":0.0,
    "18":0.0,
    "19":0.0
  },
  "uy":{
    "0":0.00009375,
    "1":0.0000537109,
    "2":0.0000537109,
    "3":0.0,
    "4":0.0,
    "5":-0.0000830078,
    "6":-0.0000830078,
    "7":-0.00015625,
    "8":-0.00015625,
    "9":-0.0001845703,
    "10":-0.0001845703,
    "11":-0.00015625,
    "12":-0.00015625,
    "13":-0.0000830078,
    "14":-0.0000830078,
    "15":0.0,
    "16":0.0,
    "17":0.0000537109,
    "18":0.0000537109,
    "19":0.00009375
  },
  "ex":{
    "0":0.0,
    "1":0.0,
    "2":0.0,
    "3":0.0,
    "4":0.0,
    "5":0.0,
    "6":0.0,
    "7":0.0,
    "8":0.0,
    "9":0.0,
    "10":0.0,
    "11":0.0,
    "12":0.0,
    "13":0.0,
    "14":0.0,
    "15":0.0,
    "16":0.0,
    "17":0.0,
    "18":0.0,
    "19":0.0
  },
  "ey":{
    "0":-0.0,
    "1":-5.0,
    "2":-5.0,
    "3":-10.0,
    "4":15.0,
    "5":10.0,
    "6":10.0,
    "7":5.0,
    "8":5.0,
    "9":-0.0,
    "10":0.0,
    "11":-5.0,
    "12":-5.0,
    "13":-10.0,
    "14":-10.0,
    "15":-15.0,
    "16":10.0,
    "17":5.0,
    "18":5.0,
    "19":-0.0
  },
  "mf":{
    "0":0.0,
    "1":-1.25,
    "2":-1.25,
    "3":-5.0,
    "4":-5.0,
    "5":1.25,
    "6":1.25,
    "7":5.0,
    "8":5.0,
    "9":6.25,
    "10":6.25,
    "11":5.0,
    "12":5.0,
    "13":1.25,
    "14":1.25,
    "15":-5.0,
    "16":-5.0,
    "17":-1.25,
    "18":-1.25,
    "19":-0.0
  }
}