{
  "x":{
    "0":0.0,
    "1":0.5,
    "2":0.5,
    "3":1.0,
    "4":1.0,
    "5":1.5,
    "6":1.5,
    "7":2.0,
    "8":2.0,
    "9":2.5,
    "10":2.5,
    "11":3.0,
    "12":3.0,
    "13":3.5,
    "14":3.5,
    "15":4.0,
    "16":4.0,
    "17":4.5,
    "18":4.5,
    "19":5.0
  },
  "y":{
    "0":0.0,
    "1":0.0,
    "2":0.0,
    "3":0.0,
    "4":0.0,
    "5":0.0,
    "6":0.0,
    "7":0.0,
    "8":0.0,
    "9":0.0,
    "10":0.0,
    "11":0.0,
    "12":0.0,
    "13":0.0,
    "14":0.0,
    "15":0.0,
    "16":0.0,
    "17":0.0,
    "18":0.0,
    "19":0.0
  },
  "ux":{
    "0":0.0,
    "1":0.0,
    "2":0.0,
    "3":0.0,
    "4":0.0,
    "5":0.0,
    "6":0.0,
    "7":0.0,
    "8":0.0,
    "9":0.0,
    "10":0.0,
    "11":0.0,
    "12":0.0,
    "13":0.0,
    "14":0.0,
    "15":0.0,
    "16":0.0,
    "17":0.0,
    "18":0.0,
    "19":0.0
  },
  "uy":{
    "0":-0.0001041667,
    "1":-0.0000368924,
    "2":-0.0000368924,
    "3":0.0,
    "4":0.0,
    "5":-0.0000217014,
    "6":-0.0000217014,
    "7":-0.0000607639,
    "8":-0.0000607639,
    "9":-0.000078125,
    "10":-0.000078125,
    "11":-0.0000607639,
    "12":-0.0000607639,
    "13":-0.0000217014,
    "14":-0.0000217014,
    "15":0.0,
    "16":0.0,
    "17":-0.0000368924,
    "18":-0.0000368924,
    "19":-0.0001041667
  },
  "ex":{
    "0":0.0,
    "1":0.0,
    "2":0.0,
    "3":0.0,
    "4":0.0,
    "5":0.0,
    "6":0.0,
    "7":0.0,
    "8":0.0,
    "9":0.0,
    "10":0.0,
    "11":0.0,
    "12":0.0,
    "13":0.0,
    "14":0.0,
    "15":0.0,
    "16":0.0,
    "17":0.0,
    "18":0.0,
    "19":0.0
  },
  "ey":{
    "0":-5.5555555556,
    "1":-5.5555555556,
    "2":-11.1111111111,
    "3":-11.1111111111,
    "4":13.8888888889,
    "5":13.8888888889,
    "6":8.3333333333,
    "7":8.3333333333,
    "8":2.7777777778,
    "9":2.7777777778,
    "10":-2.7777777778,
    "11":-2.7777777778,
    "12":-8.3333333333,
    "13":-8.3333333333,
    "14":-13.8888888889,
    "15":-13.8888888889,
    "16":11.1111111111,
    "17":11.1111111111,
    "18":5.5555555556,
    "19":5.5555555556
  },
  "mf":{
    "0":0.0,
    "1":-2.7777777778,
    "2":-2.7777777778,
    "3":-8.3333333333,
    "4":-8.3333333333,
    "5":-1.3888888889,
    "6":-1.3888888889,
    "7":2.7777777778,
    "8":2.7777777778,
    "9":4.1666666667,
    "10":4.1666666667,
    "11":2.7777777778,
    "12":2.7777777778,
    "13":-1.3888888889,
    "14":-1.3888888889,
    "15":-8.3333333333,
    "16":-8.3333333333,
    "17":-2.7777777778,
    "18":-2.7777777778,
    "19":0.0
  }
}